plant,plant_name,geography,notes,RNotes,studyYear,color,reproduction
Seaside Fleabane,Erigeron glaucus Ker Gawl.,CN,,,1988,Green,Monthly
Lespedeza,,RU,,,1992,Pink,Never
Petites Graines Camasey,Graffenrieda ottoschulzii (Urb. & Ekman) Urb. & Ekman,FR,,,2011,Green,Monthly
Pinescrub Bluestem,,CN,,,2005,Crimson,Daily
Riverbank Sedge,Carex stenoptila F.J. Herm.,HN,,,,Orange,Often
Laxflower,,ID,,,1993,Teal,Once
Goldenbush,Isocoma Nutt.,FR,,,2007,Purple,Weekly
Arizona Foldwing,,ID,,,1997,Yellow,Never
Waldo Manzanita,,NG,,,2008,Purple,Once
Magnusson's Rosette Lichen,Physcia magnussonii Frey,CN,nulla eget eros elementum pellentesque quisque porta volutpat erat quisque erat,,,Maroon,Monthly
Corzo's Wild Petunia,Ruellia corzoi Tharp & F.A. Barkley,RU,,,2008,Aquamarine,Daily
Butterfly Orchid,,CN,,,2002,Fuscia,Never
Tree Poppy,,ES,,,1996,Indigo,Never
Pohlia Moss,Pohlia camptotrachela (Renauld & Cardot) Broth.,CN,,,,Khaki,Often
Pringle's Heliotrope,Heliotropium pringlei B.L. Rob.,PL,,,2012,Pink,Seldom
Stebbin's Bluegrass,,NG,,,1987,Maroon,Daily
Scorpion's-tail,,PH,,,,Red,Seldom
Oregon Lupine,Lupinus oreganus A. Heller,CA,,,2010,Indigo,Once
Coralbells,,IR,,,,Teal,Never
Asian Pigeonwings,Clitoria ternatea L.,CN,,,2008,Violet,Daily
Effluent Water-starwort,Callitriche trochlearis Fassett,UG,,,2004,Crimson,Seldom
Sweetgale,,PH,nunc nisl duis bibendum felis sed interdum venenatis turpis enim blandit mi in porttitor pede justo eu,,1999,Turquoise,Often
Mountain Hairgrass,,YE,,,1996,Teal,Weekly
Whitebristle Cottongrass,,RU,,,2008,Khaki,Never
Piedmont Cup Lichen,Cladonia piedmontensis G. Merr.,ID,,,2012,Violet,Seldom
Salt Spring Checkerbloom,Sidalcea neomexicana A. Gray ssp. neomexicana,PK,,,1992,Puce,Weekly
Oregon White Oak,,VE,,,1984,Pink,Seldom
Leafy Spurge,Euphorbia esula L. var. esula,RU,,,2001,Violet,Weekly
Molokai Islandmint,,CN,,,2010,Yellow,Daily
Interior Live Oak,,FR,,,2000,Violet,Yearly
Ceylon Spinach,,RU,,,1996,Purple,Monthly
Japanese Jasmine,,CN,,,1999,Orange,Monthly
Rodwood,Myrcia DC. ex Guill.,CN,,,2005,Maroon,Once
Wax Currant,,CN,,,1996,Maroon,Seldom
Allegheny Blackberry,Rubus allegheniensis Porter,ID,,,2008,Green,Often
Floerkea's Phascum Moss,,CN,,,2001,Indigo,Once
Sky Mousetail,,CN,,,,Goldenrod,Often
Puerto Rico Clubmoss,Huperzia acerosa (Sw.) Holub,AL,,,2003,Red,Monthly
Indian Flatsedge,Cyperus nanus Willd. var. nanus,PH,,,1988,Yellow,Weekly
Foldedleaf Grass,,CN,,,1991,Indigo,Seldom
Hairy Spinifex,Spinifex hirsutus Labill.,PE,,,1990,Turquoise,Once
Poorman's Orchid,Schizanthus pinnatus Ruiz & Pav.,PL,,,2011,Pink,Often
Sandpaper Oak,Quercus vaseyana Buckley,CM,,,2007,Teal,Yearly
Ontario Goldenrod,,AR,,,,Khaki,Once
Florida Cherry Palm,,RU,,,2012,Khaki,Seldom
Western Rough Goldenrod,,FR,,,1996,Crimson,Monthly
Rhexophyllum Moss,,CO,platea dictumst aliquam augue quam sollicitudin vitae consectetuer eget rutrum at lorem integer tincidunt ante vel ipsum,,2012,Crimson,Seldom
Pine Hyacinth,,PS,,,2001,Pink,Seldom
Lindheimer's Indigo,,CO,,,1998,Maroon,Often
Orthotrichum Moss,Orthotrichum alpestre Hornsch.,CN,,,,Orange,Often
Crossidium Moss,Crossidium crassinerve (De Not.) Jur.,RS,,,2004,Red,Weekly
Purple Stonecrop,,TH,,,1991,Aquamarine,Weekly
Bastardcedar,Guazuma ulmifolia Lam.,MY,,,1993,Violet,Daily
Mt. Hamilton Mock Stonecrop,Sedella pentandra H. Sharsm.,CN,,,2006,Puce,Seldom
Java Waterdropwort,Oenanthe javanica (Blume) DC. ssp. javanica,PE,,,1999,Blue,Never
Smooth Sawgrass,Cladium mariscoides (Muhl.) Torr.,JP,,,,Purple,Once
Rock Buckthorn,Rhamnus saxatilis Jacq.,BR,,,,Yellow,Often
Marsh Dandelion,,PT,,,2008,Aquamarine,Weekly
Manyawn Pricklyleaf,,PH,,,1989,Teal,Yearly
Striped Gentian,Gentiana villosa L.,CN,,,2002,Teal,Monthly
Palespike Lobelia,,BR,,,1995,Indigo,Seldom
Hoary Mock Orange,Philadelphus pubescens Loisel. var. intectus (Beadle) A.H. Moore,CN,,,,Mauv,Monthly
Smallfruit Agrimony,,CN,,,2009,Pink,Monthly
Crusty Jelly Lichen,Collema tenax (Sw.) Ach. var. crustaceum (Krempelh.) Degel.,PH,,,2008,Mauv,Monthly
Flat-top Goldentop,Euthamia graminifolia (L.) Nutt. var. graminifolia,CO,,,2002,Aquamarine,Often
Michel's Earth Lichen,Catapyrenium michelii (A. Massal.) R. Sant.,CN,,,2000,Fuscia,Never
Broom-like Ragwort,,PK,,,2007,Crimson,Seldom
Lindley's Clerodendrum,,VE,,,2008,Purple,Once
Cliff Palace Milkvetch,Astragalus deterior (Barneby) Barneby,JP,,,1998,Turquoise,Once
Hybrid Hickory,,PL,,,2005,Yellow,Seldom
Watauga Porella,,ID,,,2013,Khaki,Monthly
Smallseed Sandmat,,MU,,,1993,Puce,Often
Cockleshell Lichen,,MG,,,1985,Crimson,Seldom
Yerba De Guava,Coccocypselum herbaceum Aubl.,JP,hac habitasse platea dictumst morbi vestibulum velit id pretium iaculis diam erat fermentum justo nec,,1998,Puce,Seldom
Jaguey,,CN,,,,Maroon,Once
Round Pepperweed,,RU,vitae nisi nam ultrices libero non mattis pulvinar nulla pede,,1998,Turquoise,Never
Gray Springparsley,,CN,,,,Blue,Weekly
Small-leaf Spiderwort,,CN,,,1992,Crimson,Daily
Turpentine Wavewing,,PA,,,1992,Blue,Often
Spurge,Euphorbia L.,LT,,,2012,Blue,Often
Hairy Beggarticks,Bidens pilosa L.,TN,,,,Red,Yearly
Bog Pimpernel,Anagallis tenella (L.) L.,GB,,,2011,Orange,Never
Kentucky Rinodina Lichen,Rinodina kentuckyensis Fink,UA,,,2001,Khaki,Seldom
Velvetpod Mimosa,,CN,,,,Purple,Once
American Beachgrass,Ammophila breviligulata Fernald,RU,augue vel accumsan tellus nisi eu orci mauris lacinia sapien,,2006,Maroon,Daily
Zacale,,PL,in eleifend quam a odio in hac habitasse platea dictumst maecenas ut massa quis augue luctus tincidunt nulla mollis,,2008,Puce,Monthly
Rosy Lupine,Lupinus roseolus Rydb.,CN,,,1967,Fuscia,Monthly
Wart Lichen,,CU,,,2000,Goldenrod,Weekly
Kidneyvetch,Anthyllis L.,TL,placerat praesent blandit nam nulla integer pede justo lacinia eget tincidunt eget tempus vel pede morbi porttitor lorem,,2007,Indigo,Once
Ware's Hairsedge,,CO,,,,Blue,Weekly
Desertparsley,Lomatium Raf.,ZA,,,2008,Aquamarine,Yearly
Cholla,Cylindropuntia ×congesta (Griffiths) Pinkava (pro sp.),YE,,,2003,Purple,Monthly
Quillwort,Isoetes ×hickeyi W.C. Taylor & N. Luebke,LR,,,2001,Teal,Yearly
Bractless Blazingstar,Mentzelia nuda (Pursh) Torr. & A. Gray var. nuda,PH,,,1992,Teal,Monthly
Longawn Muhly,,CN,,,2002,Green,Never
Inyo Meadow Lupine,,IL,,,1992,Mauv,Never
Red Grama,,MN,,,1967,Indigo,Yearly
Maui Cyanea,Cyanea mauiensis (Rock) Lammers,FR,,,2008,Yellow,Once
Tortula Moss,,CN,,,1992,Indigo,Yearly
Goosefoot Yellow Violet,Viola pinetorum Greene,CA,,,,Purple,Seldom
Bahia,,NE,,,1998,Goldenrod,Monthly
Sugarberry,,CN,,,2007,Mauv,Seldom
Scaleleaf Aster,,ID,,,1996,Yellow,Daily
Michelia,,SE,,,1992,Crimson,Yearly
Freckled Milkvetch,,MD,,,,Crimson,Once
Sarita Rosette Grass,Dichanthelium nodatum (Hitchc. & Chase) Gould,PE,,,1996,Orange,Yearly
Wild Celery,,CN,,,1992,Pink,Weekly
Kauai Dubautia,Dubautia microcephala Skottsb.,ID,,,2009,Aquamarine,Seldom
Clay Buckwheat,Eriogonum argillosum J.T. Howell,VN,,,,Goldenrod,Yearly
Edwards Plateau Greenthread,Thelesperma curvicarpum T.E. Melchert,PT,,,2009,Fuscia,Never
Tube Lichen,,CN,,,2012,Blue,Yearly
Allicoche Hedgehog Cactus,,SE,,,2010,Maroon,Yearly
Fewflower Holdback,,CN,,,1996,Teal,Often
Aquarius Plateau Beardtongue,,PH,,,2000,Teal,Yearly
Phantom Orchid,Cephalanthera austiniae (A. Gray) A. Heller,RU,,,2008,Puce,Daily
Sclerophyton Lichen,,CN,vestibulum rutrum rutrum neque aenean auctor gravida sem praesent id massa id nisl venenatis lacinia aenean sit,,2009,Pink,Weekly
Chilean Gunnera,,PH,,,2006,Maroon,Yearly
Sticky Polemonium,,PT,,,2009,Orange,Weekly
Annual Muhly,,BR,,,1992,Fuscia,Seldom
Tall Bluebells,Mertensia paniculata (Aiton) G. Don var. paniculata,ID,,,1993,Green,Often
Howaiaulu Island-daisy,Keysseria maviensis (H. Mann) Cabrera,BR,,,,Indigo,Monthly
Hippeastrum,Hippeastrum Herb.,CN,,,,Yellow,Yearly
Florida Flatsedge,,BR,,,2007,Puce,Monthly
Greene's Rockcress,,PL,,,,Mauv,Monthly
Euryale,,CM,,,2012,Teal,Often
Pincushion Beardtongue,Penstemon procerus Douglas ex Graham var. brachyanthus (Pennell) Cronquist,SE,vitae nisl aenean lectus pellentesque eget nunc donec quis orci eget orci vehicula condimentum curabitur,,2010,Aquamarine,Yearly
Pink Sand Verbena,Abronia umbellata Lam.,VE,,,2009,Teal,Monthly
Parry's Arnica,Arnica parryi A. Gray ssp. parryi,CO,at nunc commodo placerat praesent blandit nam nulla integer pede justo lacinia eget tincidunt eget tempus vel,,1996,Pink,Yearly
Island Swordfern,,CN,,,2008,Puce,Seldom
Needlegrass,,GR,,,,Violet,Yearly
False Beardgrass,Chrysopogon Trin.,US,,,2006,Teal,Never
White Meadowfoam,,FR,cursus urna ut tellus nulla ut erat id mauris vulputate elementum nullam varius nulla facilisi,,1988,Aquamarine,Never
Butomus,Butomus L.,RU,nullam varius nulla facilisi cras non velit nec nisi vulputate nonummy maecenas tincidunt lacus at velit,,,Aquamarine,Weekly
Wilcox's Barberry,Berberis wilcoxii Kearney,PL,,,2006,Orange,Weekly
Ball Saltbush,Atriplex fruticulosa Jeps.,CN,sit amet nunc viverra dapibus nulla suscipit ligula in lacus curabitur at ipsum ac tellus semper interdum mauris ullamcorper,,1999,Yellow,Seldom
Far-eastern Smartweed,,UA,ut massa volutpat convallis morbi odio odio elementum eu interdum eu tincidunt in leo,,2010,Fuscia,Seldom
Arrowleaf Buckwheat,Eriogonum compositum Douglas ex Benth. var. compositum,PH,,,,Yellow,Once
Zarzabacoa De Monte,,CN,,,2012,Green,Seldom
Fremon's Bushmallow,,CN,,,2004,Blue,Daily
Silkoak,Grevillea robusta A. Cunn. ex R. Br.,SE,,,1995,Orange,Weekly
Pepperleaf Sweetwood,Licaria triandra (Sw.) Kosterm.,ID,,,2012,Blue,Once
Wildrye,Elymus L.,ID,,,1993,Purple,Often
Plantainleaf Buttercup,Ranunculus alismifolius Geyer ex Benth.,ID,,,2000,Turquoise,Never
Giant Airplant,Tillandsia fasciculata Sw. var. fasciculata,CU,eleifend luctus ultricies eu nibh quisque id justo sit amet sapien,,1994,Goldenrod,Daily
Erect Island Spleenwort,Diellia erecta Brack.,CN,,,2007,Puce,Daily
Cleveland's Beardtongue,Penstemon clevelandii A. Gray,ID,,,1999,Khaki,Daily
Hoary Basil,Ocimum kilimandscharicum Guerke,JP,,,2007,Orange,Never
Tiny Vetch,Vicia hirsuta (L.) Gray,CN,,,2001,Blue,Yearly
Fiddleleaf Hawksbeard,,CO,,,2009,Red,Yearly
Lanai Colicwood,Myrsine lanaiensis Hillebr.,KR,,,,Orange,Daily
Ribbed False Pennyroyal,,AR,,,2006,Indigo,Never
Spiny Menodora,Menodora spinescens A. Gray,ET,,,2002,Violet,Monthly
Uñi,,AL,,,2006,Orange,Seldom
Hinoki False Cypress,,ID,,,,Fuscia,Seldom
Iwatsukiella Moss,,CN,,,1983,Violet,Seldom
Ironweed,Vernonia ×georgiana Bartlett (pro sp.),CN,,,1996,Yellow,Often
Redwood Insideout Flower,Vancouveria planipetala Calloni,ID,,,,Teal,Once
Ballhead Ipomopsis,,CN,,,2005,Purple,Monthly
Ahart's Dwarf Rush,Juncus leiospermus F.J. Herm. var. ahartii Ertter,JO,,,2002,Khaki,Seldom
Glenwoodgrass,Sacciolepis indica (L.) Chase,SE,,,2008,Puce,Daily
Longleaf Phlox,,CA,,,2010,Khaki,Never
Parry's Fringed Onion,Allium parryi S. Watson,PL,,,,Purple,Yearly
Rockface Yellow Loosestrife,Lysimachia remyi Hillebr.,FI,,,2003,Red,Once
Fourspike Heliotrope,Heliotropium procumbens Mill. var. depressum (Cham.) Fosberg,SE,,,2006,Khaki,Once
Valley Sedge,,ID,,,2002,Orange,Often
Purple Amaranth,,BI,,,,Maroon,Monthly
Fiddleleaf Hawksbeard,Crepis runcinata (James) Torr. & A. Gray ssp. glauca (Nutt.) Babc. & Stebbins,ID,,,2005,Fuscia,Weekly
Polished Blazingstar,Mentzelia polita A. Nelson,CN,,,2009,Puce,Never
Mt. Atlas Mastic Tree,,PK,justo sollicitudin ut suscipit a feugiat et eros vestibulum ac est lacinia nisi venenatis tristique fusce congue diam id,,1992,Red,Monthly
Blyxa,Blyxa Noronha ex Thouars,PT,,,1997,Aquamarine,Often
Feathery False Lily Of The Valley,,FR,,,,Goldenrod,Monthly
Dominican Lovegrass,,PT,,,,Green,Yearly
Rat's Ear,,MA,,,2000,Aquamarine,Once
Drepanocladus Moss,Drepanocladus crassicostatus Janssens,CN,a nibh in quis justo maecenas rhoncus aliquam lacus morbi quis tortor,,2002,Teal,Weekly
Arctic Funaria Moss,,CN,tempus vivamus in felis eu sapien cursus vestibulum proin eu,,2010,Orange,Monthly
River Sheoak,Casuarina cunninghamiana Miq.,ID,,,,Blue,Once
Starscale Fern,,PL,,,,Yellow,Never
Siberian Whitlowgrass,Draba sibirica (Pall.) Thell.,BR,,,1993,Puce,Often
Charming Centaury,,CN,,,1994,Green,Seldom
Coastal Lovegrass,Eragrostis refracta (Muhl.) Scribn.,MA,,,2004,Crimson,Seldom
Virginia Pepperweed,Lepidium virginicum L.,RU,,,1998,Goldenrod,Daily
Ghanja Kola,Cola nitida (Vent.) A. Chev.,CN,,,2005,Purple,Yearly
Largeflower Tickseed,,CN,,,2006,Violet,Daily
Bahiagrass,Paspalum notatum Flueggé var. saurae Parodi,CN,,,2012,Purple,Weekly
Geocarpon,Geocarpon Mack.,ID,,,1986,Yellow,Once
Naked Crabgrass,,MK,,,2012,Blue,Often
Rim Lichen,Lecanora populicola (DC.) Duby,CN,,,,Blue,Once
Dobie Pod,Tropidocarpum gracile Hook.,MR,,,2008,Turquoise,Often
Parry Cottonwood,,FI,,,1991,Maroon,Weekly
Serpentine Bittercress,,RU,vel nulla eget eros elementum pellentesque quisque porta volutpat erat quisque erat eros viverra,,,Khaki,Once
Bayamon,Hyptis escobilla Urb.,AM,,,2005,Violet,Monthly
Pore Lichen,Pertusaria sulcata Dibben,CN,,,,Puce,Often
Otay Tarweed,Deinandra conjugens (D.D. Keck) B.G. Baldw.,ZA,,,2002,Blue,Daily
Pigweed,,MG,,,1992,Turquoise,Seldom
Leafy Spurge,,US,,,2000,Orange,Never
Spiny False Fiddleleaf,,MX,,,1996,Blue,Daily
Flypoison,,RU,,,2011,Khaki,Daily
Waterpoppy,Hydrocleys nymphoides (Humb. & Bonpl. ex Willd.) Buchenau,PS,,,2003,Fuscia,Monthly
Glenwood Milkvetch,Astragalus loanus Barneby,CN,,,2006,Green,Weekly
Appalachian Cliff Fern,Woodsia appalachiana T.M.C. Taylor,PH,eget tempus vel pede morbi porttitor lorem id ligula suspendisse ornare consequat,,,Aquamarine,Once
Prairie Sunflower,Helianthus petiolaris Nutt. ssp. petiolaris,PL,,,,Turquoise,Daily
Golden Dewdrops,,CN,,,,Indigo,Monthly
Woman's Tobacco,Antennaria plantaginifolia (L.) Richardson,PH,,,2012,Pink,Monthly
Frosted Orache,,AM,,,2006,Violet,Monthly
Crownbeard,Verbesina L.,AR,,,1989,Orange,Monthly
Indian Manzanita,,CN,,,1985,Indigo,Daily
Sierra Fumewort,Corydalis caseana A. Gray ssp. hastata (Rydb.) G.B. Ownbey,PH,,,1985,Crimson,Often
Shade Phacelia,Phacelia nemoralis Greene,CO,,,2004,Puce,Monthly
Valley Checkerbloom,Sidalcea hartwegii A. Gray ex Benth.,SE,,,2007,Goldenrod,Daily
Sweet White Violet,,FI,,,1995,Violet,Yearly
Caribgrass,Eriochloa polystachya Kunth,ID,,,2005,Indigo,Often
Woolly Locoweed,,RU,,,2008,Yellow,Yearly
Ballhead Sandwort,,RU,maecenas tristique est et tempus semper est quam pharetra magna ac consequat metus,,1992,Blue,Daily
Wiggins' Cryptantha,Cryptantha wigginsii I.M. Johnst.,PT,,,,Crimson,Seldom
Kamchatka Cetraria Lichen,Cetraria kamczatica Savicz,ID,,,2006,Yellow,Never
Andean Watermilfoil,Myriophyllum quitense Kunth,FR,,,,Mauv,Seldom
Cartilage Lichen,Ramalina dilacerata (Hoffm.) Hoffm.,CA,,,2004,Green,Seldom
Cerebral Fishscale Lichen,,ID,,,1993,Red,Yearly
Paiute Buckwheat,Eriogonum breedlovei (J.T. Howell) Reveal,CA,,,1996,Maroon,Often
California Mountain Lichen,,GH,,,1996,Orange,Daily
Michael's Piperia,,RU,,,2010,Maroon,Daily
Larsen's Ironweed,,PH,,,2005,Aquamarine,Often
Goldenbush,,AM,,,2000,Orange,Once
Flaccid Fontinalis Moss,Fontinalis flaccida Renauld & Cardot,ID,,,,Teal,Daily
Undulate Plagiothecium Moss,Plagiothecium undulatum (Hedw.) Schimp.,CA,,,,Goldenrod,Seldom
Three-way Sedge,Dulichium arundinaceum (L.) Britton var. boreale Lepage,ID,,,,Indigo,Never
Chinese-quince,Pseudocydonia sinensis (Thouin) C.K. Schneid.,BR,,,2011,Aquamarine,Monthly
Fringed Onion,Allium fimbriatum S. Watson,IT,montes nascetur ridiculus mus etiam vel augue vestibulum rutrum rutrum neque aenean auctor gravida sem praesent,,1988,Fuscia,Often
Alfalfa,Medicago sativa L. ssp. sativa,ID,,,2003,Yellow,Yearly
Yellow Giant Hyssop,,ZA,,,,Turquoise,Never
Prairie Sphagnum,Sphagnum palustre L.,BR,,,2011,Pink,Once
Wishbone Flower,,CN,sit amet consectetuer adipiscing elit proin risus praesent lectus vestibulum quam sapien varius,,,Green,Weekly
Crinkleawn Fescue,Festuca subuliflora Scribn.,SI,,,2006,Mauv,Yearly
Ryegrass Sedge,Carex loliacea L.,SO,,,,Turquoise,Often
Tidalmarsh Flatsedge,Cyperus serotinus Rottb.,CO,,,1987,Crimson,Seldom
Mexican Pricklypoppy,Argemone mexicana L.,PK,,,2008,Maroon,Seldom
Shorthook Fishhook Cactus,,UA,,,2007,Fuscia,Once
Western Stoneseed,,CN,,,1998,Goldenrod,Often
Saline Wildrye,Leymus salinus (M.E. Jones) Á. Löve ssp. salinus,IR,lacus purus aliquet at feugiat non pretium quis lectus suspendisse potenti in,,2002,Teal,Monthly
Puerto Rico Cinnamon,Licaria parvifolia (Lam.) Kosterm.,BR,,,1966,Pink,Seldom
Tropical Dropseed,,PY,,,,Crimson,Never
Shieldfern,,CN,,,2004,Red,Never
Kristinsson's Felt Lichen,Peltigera kristinssonii Vitik.,SE,,,2006,Red,Monthly
Masterwort,Astrantia L.,FR,,,2009,Green,Daily
Texas Nipple Cactus,,UA,,,1991,Goldenrod,Weekly
Big Spore Andreaeobryum Moss,Andreaeobryum macrosporum Steere & B.M. Murray,CN,,,2010,Indigo,Often
African Clover,Trifolium africanum Ser.,US,,,1995,Crimson,Weekly
Hybrid Violet,Viola ×champlainensis House,CZ,,,,Puce,Monthly
Rimmed Lichen,Aspicilia contigua (Lynge) J.W. Thomson,SE,,,1992,Yellow,Weekly
Australian Sundew,,SE,,,,Puce,Never
Alplily,Lloydia Salisb. ex Rchb.,VE,,,1985,Indigo,Seldom
Chilean Needlegrass,,MG,,,2010,Indigo,Seldom
Orthodontium Moss,,JP,,,,Puce,Weekly
Spreading Pygmyleaf,Loeflingia squarrosa Nutt. ssp. artemisiarum Barneby & Twisselmann,CN,,,1994,Red,Once
Nightblooming Cactus,Hylocereus undatus (Haw.) Britton & Rose,ID,,,2006,Teal,Monthly
Huger's Carrionflower,,ID,,,,Yellow,Monthly
Jack's Amelasorbus,,BD,,,,Maroon,Once
Strawcolored Flatsedge,Cyperus strigosus L.,CN,,,2002,Goldenrod,Daily
Mexican Saucerflower,,CN,,,1998,Crimson,Seldom
Everglades Squarestem,Melanthera angustifolia A. Rich.,UG,,,1993,Blue,Monthly
Pearson's Phaeoceros,Phaeoceros pearsonii (M. Howe) Prosk.,AR,,,2010,Fuscia,Monthly
Redstem Springbeauty,,MX,,,1995,Green,Weekly
Coastal Plain Honeycombhead,Balduina angustifolia (Pursh) B.L. Rob.,SE,,,2003,Crimson,Seldom
Sanderson's Burrobrush,,SE,,,2009,Aquamarine,Yearly
Koolau Range Delissea,Delissea subcordata Gaudich.,DE,,,1995,Orange,Weekly
New Mexico Beeblossom,Gaura neomexicana Wooton ssp. neomexicana,BR,,,1989,Purple,Daily
Boxelder,Acer negundo L. var. interius (Britton) Sarg.,AR,,,2005,Mauv,Seldom
Zinnia,,YE,,,,Yellow,Daily
Balsamillo,,RU,,,1995,Goldenrod,Never
Rattan's Beardtongue,,ID,,,2007,Violet,Seldom
Low False Bindweed,Calystegia spithamaea (L.) Pursh,SY,,,1968,Maroon,Daily
Leafy Fleabane,Erigeron foliosus Nutt. var. foliosus,TH,,,1992,Mauv,Monthly
Rubber Rabbitbrush,,CN,,,2005,Aquamarine,Once
Tubercle Dodder,Cuscuta tuberculata Brandegee,NP,,,2006,Red,Monthly
Dwarf Lake Iris,,ID,,,2009,Maroon,Seldom
Garland-lily,,MY,,,2011,Violet,Often
Tree Of Heaven,,JP,,,,Violet,Yearly
Starflower,Trientalis borealis Raf. ssp. borealis,US,,,2009,Maroon,Yearly
Fringeleaf Wild Petunia,Ruellia humilis Nutt.,GR,,,,Teal,Seldom
Virginia Strawberry,Fragaria virginiana Duchesne ssp. virginiana,ID,,,,Violet,Monthly
Twisted Airplant,,PH,,,2011,Pink,Seldom
Hairy Chaffhead,Carphephorus paniculatus (J.F. Gmel.) Herb.,CN,,,2003,Yellow,Yearly
Pyxine Lichen,Pyxine retirugella Nyl.,PT,,,2006,Pink,Often
Deepscar Cryptantha,,GY,,,,Mauv,Seldom
Eben Tree,Dacryodes edulis (G. Don) H.J. Lam,PH,,,1996,Purple,Yearly
Fragrant Eryngo,,YE,mus etiam vel augue vestibulum rutrum rutrum neque aenean auctor gravida sem,,,Purple,Never
Pahrump Valley Buckwheat,Eriogonum bifurcatum Reveal,ID,,,,Purple,Yearly
Octopus Tree,,ID,,,2009,Violet,Seldom
Desert Globemallow,Sphaeralcea ambigua A. Gray ssp. rugosa Kearney,CN,,,2001,Crimson,Weekly
Twistleaf Yucca,Yucca pallida McKelvey,PH,,,1993,Blue,Often
Manyhead Desertdandelion,Malacothrix foliosa A. Gray ssp. polycephala W.S. Davis,PK,,,,Yellow,Often
Hybrid Floatingheart,,SE,,,1985,Green,Weekly
Orange Lichen,,SE,,,1988,Goldenrod,Daily
Pseudolmedia,Pseudolmedia Trécul,RS,,,1999,Khaki,Never
Whitebark Senna,Senna bacillaris (L. f.) Irwin & Barneby,ES,,,1996,Blue,Never
Yellow Mombin,Spondias mombin L.,ID,nulla ultrices aliquet maecenas leo odio condimentum id luctus nec molestie sed justo pellentesque viverra,,2001,Indigo,Never
Savannah Fanpetals,Sida aggregata C. Presl,ID,,,1995,Khaki,Yearly
Zululand Cycad,,CN,,,2011,Aquamarine,Weekly
Bisbee Spinystar,,GR,,,1992,Crimson,Once
Mat-grass Fescue,,HR,,,2006,Puce,Never
Aulacomnium Moss,Aulacomnium Schwägr.,GR,eget tincidunt eget tempus vel pede morbi porttitor lorem id ligula suspendisse ornare consequat lectus in,,,Crimson,Seldom
Jelly Lichen,Collema callopismum A. Massal.,CN,,,1986,Puce,Once
Roundleaf Yellow Violet,,PL,montes nascetur ridiculus mus vivamus vestibulum sagittis sapien cum sociis natoque penatibus et magnis dis parturient montes nascetur ridiculus,,1994,Puce,Weekly
Carolina Wild Petunia,,FI,,,1993,Teal,Once
Bush Clockvine,,US,,,,Maroon,Often
Alaskan Bluegrass,Poa hartzii Gandog. ssp. alaskana Soreng,PH,,,,Violet,Yearly
Rockyscree False Goldenaster,,JP,,,1995,Indigo,Once
Idaho Gooseberry,,FR,,,2012,Crimson,Once
Trans-pecos False Clapdaisy,Pseudoclappia arenaria Rydb.,ID,,,2012,Pink,Seldom
Cachimbo De Maricao,Psychotria maricaensis Urb.,MA,,,1984,Crimson,Often
Tetragastris,Tetragastris Gaertn.,CN,,,2009,Indigo,Yearly
Placidiopsis Lichen,,SN,suspendisse potenti nullam porttitor lacus at turpis donec posuere metus vitae,,1998,Maroon,Monthly
Capejewels,,KR,,,1984,Blue,Never
Wideleaf Racomitrium Moss,Racomitrium canescens (Hedw.) Brid. var. latifolium C.E.O. Jensen,CN,,,2009,Aquamarine,Monthly
Rough Bugleweed,Lycopus asper Greene,CN,,,2007,Fuscia,Seldom
Pinemat,Ceanothus diversifolius Kellogg,CN,,,,Pink,Yearly
Mountain Springs Bush Lupine,Lupinus excubitus M.E. Jones var. medius (Jeps.) Munz,BR,,,1989,Green,Never
Pinesap,Pleuricospora A. Gray,CN,,,2012,Khaki,Never
Trans-pecos Cliffbrake,Pellaea ternifolia (Cav.) Link,CA,,,2008,Violet,Monthly
Wolf Lichen,,RU,,,2006,Maroon,Monthly
Large Buttercup,,SE,,,1996,Turquoise,Once
Zamia,Zamia L.,GR,,,1986,Violet,Weekly
Pink Fuzzybean,Strophostyles umbellata (Muhl. ex Willd.) Britton,MH,,,2001,Fuscia,Often
Koolau Range Melicope,,GR,,,1997,Goldenrod,Weekly
Pitted Stripeseed,,CN,,,2000,Crimson,Daily
Sampson's Snakeroot,Orbexilum pedunculatum (Mill.) Rydb.,NZ,,,1993,Red,Daily
Prairie Goldenrod,Oligoneuron album (Nutt.) G.L. Nesom,LA,,,2011,Puce,Never
Narrowleaf Silkgrass,Pityopsis graminifolia (Michx.) Nutt.,CN,,,,Puce,Seldom
Torrid Rim Lichen,,RU,,,2001,Maroon,Never
Thompson's Buckwheat,,CN,,,2005,Blue,Once
Variousleaf Fescue,,GR,odio odio elementum eu interdum eu tincidunt in leo maecenas pulvinar lobortis est phasellus sit amet erat,,,Indigo,Seldom
Yellow Loosestrife,Lysimachia ×producta (A. Gray) Fernald (pro sp.),PT,praesent lectus vestibulum quam sapien varius ut blandit non interdum,,2001,Red,Monthly
Chinook Brome,,ZW,,,,Purple,Never
Solorinella Lichen,Solorinella Anzi,RU,,,2009,Puce,Weekly
Lobelia,,RU,,,2012,Orange,Yearly
Maryland Milkwort,,US,,,,Fuscia,Weekly
Salt Gilia,,CZ,,,1994,Pink,Once
San Joaquin Woollythread,Monolopia congdonii (A. Gray) B.G. Baldw.,PL,,,2012,Teal,Monthly
Western Daisy,,GQ,erat nulla tempus vivamus in felis eu sapien cursus vestibulum proin eu mi nulla ac enim in,,2005,Aquamarine,Often
Western Mountain Aster,Symphyotrichum spathulatum (Lindl.) G.L. Nesom,CN,,,,Blue,Weekly
Crawford's Sedge,,RU,,,1994,Yellow,Seldom
Hentz's Phlox,,HN,,,1991,Fuscia,Never
Twoflower Violet,,HN,,,2011,Indigo,Often
Alpine Pondweed,Potamogeton alpinus Balbis,MY,id ornare imperdiet sapien urna pretium nisl ut volutpat sapien arcu sed augue aliquam erat volutpat in congue etiam,,2010,Fuscia,Once
Christmas Cactus,,UA,,,2006,Maroon,Daily
Water Dawnflower,Stylisma aquatica (Walter) Raf.,CN,,,,Khaki,Once
Carolina Bugbane,Trautvetteria caroliniensis (Walter) Vail,BR,,,2009,Red,Seldom
Hybrid Oak,,US,,,1999,Orange,Seldom
Dense Mistletoe,Phoradendron densum Torr. ex Trel.,PS,platea dictumst maecenas ut massa quis augue luctus tincidunt nulla mollis molestie lorem quisque ut erat curabitur gravida nisi,,2013,Orange,Weekly
Canyonlands Biscuitroot,,HR,,,1992,Khaki,Never
Green Orchid,Platanthera ×media (Rydb.) Luer (pro sp.),CN,,,1993,Teal,Daily
Wavyleaf Indian Paintbrush,,CA,,,2000,Green,Weekly
Acuminate Pleuridium Moss,,CN,,,,Yellow,Often
Broom Brome,,MX,,,,Teal,Monthly
Bigflower Tellima,,ID,,,1997,Fuscia,Never
Prairie Willow,,PH,,,1990,Pink,Weekly
Slender Sedge,Carex gracilior Mack.,CN,,,1976,Yellow,Once
Birmingham Blackberry,,CN,,,2002,Aquamarine,Yearly
Rose,Rosa L.,CN,,,1999,Yellow,Yearly
White Hogwood,,CH,,,2010,Orange,Monthly
Strongbark,Bourreria P. Br.,CN,,,2006,Yellow,Weekly
Mosquito Rush,,CO,,,2004,Blue,Monthly
Kaibab Agave,,ID,,,1990,Blue,Often
Great Basin Langloisia,,ID,,,,Green,Never
Aulacomnium Moss,Aulacomnium heterostichum (Hedw.) Bruch & Schimp.,ID,,,1986,Violet,Once
Star Apple,Chrysophyllum cainito L.,AF,,,,Pink,Yearly
Texas False Agave,,JM,,,,Purple,Weekly
White Alder,Alnus rhombifolia Nutt.,SE,,,1993,Red,Monthly
Sewer Vine,Paederia L.,EG,,,2000,Puce,Never
Cassia,,CN,,,1989,Teal,Yearly
Blue Fiestaflower,,TH,,,2010,Red,Once
Chinese Fir,,PT,,,1993,Indigo,Daily
Centrostegia,,RU,,,,Puce,Once
Gulf Searocket,,RU,,,2008,Teal,Daily
Rukam,Flacourtia rukam Zoll. & Moritzi,PT,,,2012,Mauv,Never
Sagiolechia Lichen,,CN,sit amet diam in magna bibendum imperdiet nullam orci pede venenatis non sodales sed tincidunt eu felis fusce posuere felis,,1997,Blue,Seldom
New Mexico False Yucca,,PH,,,2007,Khaki,Seldom
Hybrid Violet,Viola ×napae House,US,,,1966,Indigo,Never
Little Floating Bladderwort,Utricularia radiata Small,RU,pede justo lacinia eget tincidunt eget tempus vel pede morbi porttitor,,1994,Orange,Seldom
Lesser Saltscale,,PT,,,2004,Puce,Once
Jeweled Thistle,,CZ,,,2003,Pink,Monthly
Creeping Lady's Nightcap,,JP,,,,Teal,Seldom
Littleleaf Buckbrush,Ceanothus microphyllus Michx.,ID,,,2010,Maroon,Often
Ailanthus,Ailanthus Desf.,CN,,,1993,Blue,Never
Huachuca Hawkweed,,CN,,,,Puce,Often
Cliffdweller,,RU,,,2004,Puce,Weekly
Hoffmann's Cryptantha,Cryptantha hoffmannii I.M. Johnst.,PH,,,2006,Puce,Never
Largeleaf Brunnera,Brunnera macrophylla (J.F. Adams) I.M. Johnst.,BR,,,2005,Puce,Never
Oregon Princesplume,,SI,,,1986,Green,Seldom
Lanai Labordia,,PL,,,1995,Blue,Weekly
Oregon Bensoniella,Bensoniella oregona (Abrams & Bacig.) Morton,CN,,,2001,Fuscia,Once
Curcuma,Curcuma L.,ID,,,1972,Violet,Once
Fendler's Ceanothus,,ID,,,1998,Maroon,Weekly
Timberland Blue-eyed Grass,Sisyrinchium longipes (E.P. Bicknell) Kearney & Peebles,GT,,,1997,Red,Daily
New England Justiceweed,Eupatorium novae-angliae (Fernald ) V.I. Sullivan ex A. Haines & Sorrie,BR,,,1996,Violet,Once
Aster,,ID,,,1987,Maroon,Monthly
Queensland Sedge,Cyperus hyalinus Vahl,CN,,,,Purple,Once
Hayfield Tarweed,,CN,,,2012,Orange,Once
Early Onion,,CN,,,1993,Khaki,Yearly
Woolly Meadowfoam,Limnanthes floccosa Howell ssp. floccosa,MY,,,1994,Khaki,Often
Claspleaf Pennycress,,CN,volutpat in congue etiam justo etiam pretium iaculis justo in hac habitasse platea dictumst,,2006,Violet,Never
Catillaria Lichen,,CN,phasellus in felis donec semper sapien a libero nam dui proin leo odio porttitor id consequat,,,Indigo,Once
Alkaliweed,,BG,,,2007,Goldenrod,Daily
Goldenrod,,CN,,,1994,Blue,Once
Oldstem Idahoa,,KR,,,,Turquoise,Monthly
Water Jacket,Lycium andersonii A. Gray var. wrightii A. Gray,UA,,,2003,Purple,Monthly
Arctic Groundsel,,CZ,,,1992,Indigo,Daily
Apiculate Funaria Moss,,FR,,,1987,Indigo,Daily
Rocky Mountain Phacelia,Phacelia denticulata Osterh.,AR,,,,Green,Often
Alabama Paraparmelia Lichen,Paraparmelia alabamensis (Hale & McCull.) Elix & J. Johnst.,ID,,,2007,Aquamarine,Never
Pike's Horsehair Lichen,Bryoria pikei Brodo & D. Hawksw.,CO,,,,Green,Once
Blumer's Draba,Draba helleriana Greene var. blumeri C.L. Hitchc.,PH,,,1997,Mauv,Often
Shaggystem Cyrtandra,,ZA,,,,Crimson,Monthly
Oregon Crab Apple,,EC,,,1988,Purple,Yearly
Greenstripe,Amaranthus acanthochiton Sauer,PE,,,1993,Pink,Never
Bonjean's Dicranum Moss,Dicranum bonjeanii De Not.,CN,,,2003,Indigo,Once
Small-leaf Bittercress,Cardamine microphylla M.F. Adams ssp. blaisdellii (Eastw.) D.F. Murray & S. Kelso,AR,,,,Mauv,Daily
Pammell's Dotted Lichen,Bacidia pammellii (Fink) Zahlbr.,PL,,,2006,Crimson,Often
Eastern False Dragonhead,,NI,,,2012,Red,Monthly
Scarlet Globemallow,Sphaeralcea coccinea (Nutt.) Rydb. ssp. elata (Baker f.) Kearney,BG,,,1993,Red,Daily
Kelso Creek Monkeyflower,Mimulus shevockii Heckard & Bacig.,PL,,,,Purple,Seldom
Bingen Lupine,,ID,,,1994,Indigo,Weekly
Sweetwood,Nectandra membranacea (Sw.) Griseb.,BR,,,,Orange,Monthly
Hungarian Clover,Trifolium pannonicum Jacq.,YE,in leo maecenas pulvinar lobortis est phasellus sit amet erat nulla tempus,,2012,Violet,Seldom
Leonard's Beardtongue,,US,,,2000,Red,Monthly
Host Sedge,,CN,,,,Yellow,Often
Rhexophyllum Moss,,IL,,,2012,Red,Daily
Mohr Oak,Quercus mohriana Buckley ex Rydb.,PL,,,1996,Teal,Yearly
Cohune Palm,,ID,,,,Violet,Often
Cape-ivy,Delairea Lem.,CN,,,,Mauv,Seldom
Chattahoochee False Foxglove,Agalinis plukenetii (Elliott) Raf.,GW,,,2007,Pink,Once
Barestem Teesdalia,Teesdalia nudicaulis (L.) W.T. Aiton,RU,,,2007,Khaki,Often
Point Reyes Ceanothus,,AR,,,,Puce,Never
Rosy Palafox,Palafoxia rosea (Bush) Cory var. rosea,US,,,2008,Aquamarine,Yearly
Devil's-tongue,,PH,,,1999,Blue,Yearly
Umbrella Star Orchid,Epidendrum jamaicense Lindl.,SY,,,,Blue,Monthly
Disc Lichen,Buellia spuria (Schaerer) Anzi,SE,,,2011,Orange,Often
Hawai'i Kauilatree,,MD,,,1991,Red,Never
Maranta,Maranta L.,CN,,,,Teal,Monthly
American Climacium Moss,,UA,,,2007,Purple,Once
Sand Palafox,Palafoxia hookeriana Torr. & A. Gray,JP,et commodo vulputate justo in blandit ultrices enim lorem ipsum dolor sit,,2003,Green,Daily
Monarch Rosemallow,,BR,,,2012,Orange,Once
Elmleaf Blackberry,,PH,,,1999,Blue,Yearly
Royal Spleenwort,Asplenium insiticium Brack.,BR,,,1995,Turquoise,Often
Hairyseed Bahia,,CH,,,2012,Goldenrod,Daily
Sulphur-flower Buckwheat,,FR,,,,Turquoise,Once
Canadian Burnet,,PK,,,,Orange,Monthly
Tufted Airplant,,MM,,,,Indigo,Seldom
Chamelaucium,Chamelaucium Desf.,TZ,,,1984,Maroon,Often
Desert Willow,Chilopsis D. Don,CN,,,,Violet,Never
Sedge,,VN,,,,Goldenrod,Monthly
Lobb's Fiddleleaf,,UA,habitasse platea dictumst maecenas ut massa quis augue luctus tincidunt nulla,,2012,Orange,Never
Parry's Dwarf-sunflower,,CN,id justo sit amet sapien dignissim vestibulum vestibulum ante ipsum primis in faucibus orci luctus et ultrices posuere cubilia,,2012,Khaki,Monthly
Entosthodon Moss,Entosthodon fascicularis (Hedw.) Müll. Hal.,US,,,2011,Khaki,Once
Brachymenium Moss,,CN,,,,Teal,Often
Longspur Columbine,,XK,,,2011,Maroon,Never
Manyflower Leastdaisy,,KW,,,1992,Red,Once
Plagiomnium Moss,Plagiomnium rostratum (Schrad.) T. Kop.,CN,,,1991,Green,Weekly
Trimezia,,FR,,,2009,Crimson,Once
Hairy Star Of Bethlehem,,RU,,,,Yellow,Daily
Pullup Muhly,Muhlenbergia filiformis (Thurb. ex S. Watson) Rydb.,YE,,,1964,Green,Monthly
Andreaea Moss,Andreaea crassinervia Bruch,CN,,,2013,Crimson,Seldom
Canadian Pussytoes,Antennaria howellii Greene ssp. canadensis (Greene) Bayer,PH,,,,Green,Yearly
Hecistopteris,,CA,,,2005,Violet,Weekly
Heartleaf Bittercress,,CL,,,1995,Violet,Monthly
Drummond's Ulota Moss,,PL,,,1997,Fuscia,Monthly
Berlandier's Yellow Flax,,PT,,,1997,Purple,Often
Sierra False Bindweed,Calystegia malacophylla (Greene) Munz ssp. malacophylla,VN,tristique fusce congue diam id ornare imperdiet sapien urna pretium,,2012,Crimson,Never
Niaragato,Zanthoxylum spinifex (Jacq.) DC.,CN,,,2001,Goldenrod,Weekly
Baker's Navarretia,Navarretia leucocephala Benth. ssp. bakeri (H. Mason) Day,GR,,,2010,Mauv,Monthly
Rayless Tansyaster,Machaeranthera grindelioides (Nutt.) Shinners var. grindelioides,CN,,,1993,Puce,Once
Winterfat,Krascheninnikovia lanata (Pursh) A. Meeuse & Smit,ID,,,2010,Pink,Daily
Fourflower Yellow Loosestrife,Lysimachia quadriflora Sims,PT,,,2004,Green,Monthly
California Blackberry,,PY,elementum eu interdum eu tincidunt in leo maecenas pulvinar lobortis est phasellus sit amet erat nulla tempus vivamus,,2000,Mauv,Never
Mountain Springs Bush Lupine,Lupinus excubitus M.E. Jones var. medius (Jeps.) Munz,US,,,2005,Violet,Seldom
Dot Lichen,Arthonia siderea Degel.,TD,,,2012,Yellow,Never
Rock Paspalum,,CR,,,,Puce,Seldom
Swampmallow,,VN,,,1991,Turquoise,Once
Govenia,Govenia Lindl.,ID,,,2004,Purple,Often
Pinos Altos Mountain Bean,,CN,,,2008,Pink,Yearly
Gorge Fleabane,,PH,,,1999,Fuscia,Once
Hairy Umbrella-sedge,,CZ,,,1993,Goldenrod,Daily
Arizona Poppy,,CN,,,1994,Teal,Yearly
Jimsonweed,Datura stramonium L.,PT,nec condimentum neque sapien placerat ante nulla justo aliquam quis turpis eget elit sodales scelerisque mauris sit amet eros suspendisse,,2010,Turquoise,Daily
Trans-pecos False Mountainparsley,,FR,,,1998,Turquoise,Monthly
Trailing Fenugreek,Trigonella procumbens (Besser) Rchb.,NG,,,2001,Green,Seldom
Puerto Rico Copperleaf,,BG,sed vestibulum sit amet cursus id turpis integer aliquet massa id lobortis convallis tortor risus dapibus augue,,2010,Aquamarine,Daily
Crandall's Beardtongue,,PH,ac neque duis bibendum morbi non quam nec dui luctus rutrum nulla tellus in sagittis dui,,2006,Indigo,Yearly
Hairy Wild Cabbage,,CN,,,2003,Green,Weekly
Eldorado Larkspur,,PH,,,,Mauv,Yearly
Southern Quillwort,Isoetes flaccida Shuttlw. ex A. Braun var. flaccida,PH,,,,Pink,Weekly
Santa Barbara Honeysuckle,Lonicera subspicata Hook. & Arn. var. denudata Rehder,VN,,,2008,Aquamarine,Yearly
Cumberland Rhododendron,Rhododendron cumberlandense E.L. Braun,PH,,,2005,Teal,Yearly
Slender Centaury,Centaurium tenuiflorum (Hoffmanns. & Link) Fritsch,ID,,,2006,Violet,Once
Cinnamon Fern,Osmunda cinnamomea L.,CN,,,2009,Aquamarine,Yearly
Japanese Thistle,Cirsium japonicum Fisch. ex DC.,RU,,,,Aquamarine,Once
Elastic Grass,Eragrostis tenuifolia (A. Rich.) Hochst. ex Steud.,TO,,,2005,Violet,Never
Fringed Grass Of Parnassus,Parnassia fimbriata K.D. Koenig,CN,,,,Teal,Once
Featherleaf Desertpeony,,CN,,,2012,Teal,Often
Lewton's Milkwort,,US,,,,Yellow,Never
Pawale,Rumex giganteus Aiton,CZ,,,2011,Indigo,Weekly
Idaho Esslingeriana Lichen,Esslingeriana idahoensis (Essl.) Hale & M.J. Lai,KR,,,1989,Maroon,Yearly
Flame Beard Lichen,Usnea flammea Stirt.,CN,,,1990,Pink,Monthly
Whiteflower Cinquefoil,,PT,,,1984,Orange,Never
Smallfruit Primrose-willow,,RU,,,1994,Purple,Once
Tufted Globemallow,Sphaeralcea caespitosa M.E. Jones,GR,,,1996,Crimson,Seldom
Edwards Plateau Beardgrass,,AR,,,2010,Red,Yearly
Oval-leaf Willow,Salix ovalifolia Trautv. var. cyclophylla (Rydb.) C.R. Ball,AR,,,,Blue,Never
Vulcan Cup Lichen,,ID,,,,Fuscia,Never
Yauco,Cordia gerascanthus L.,JP,,,2006,Red,Yearly
Fleshy Starwort,Stellaria crassifolia Ehrh. var. eriocalycina Schischkin,PH,,,1991,Indigo,Monthly
Tuber Anemone,,KZ,,,2001,Turquoise,Yearly
Dactylina Lichen,Dactylina Nyl.,CN,massa donec dapibus duis at velit eu est congue elementum in hac habitasse platea dictumst morbi vestibulum velit id,,1989,Turquoise,Daily
Prairie Mexican Clover,,PH,blandit nam nulla integer pede justo lacinia eget tincidunt eget tempus,,2000,Red,Daily
Cockleshell Lichen,,FR,,,1997,Puce,Once
Skin Lichen,Leptogium laceroides (de Lesd.) P.M. Jørg.,UA,,,1996,Maroon,Yearly
Smooth Forked Nailwort,Paronychia canadensis (L.) Alph. Wood,CO,,,2008,Indigo,Never
Rayless Goldenhead,Acamptopappus sphaerocephalus (Harv. & A. Gray ex A. Gray) A. Gray var. hirtellus S.F. Blake,RU,,,1978,Indigo,Once
Alaska Mistmaiden,Romanzoffia unalaschcensis Cham.,ID,,,1998,Mauv,Seldom
Clubmoss,Lycopodiella Holub,NP,,,2005,Blue,Often
Whitemargin Phlox,Phlox albomarginata M.E. Jones ssp. albomarginata,PL,,,2007,Puce,Once
Balsam Fir,,HN,,,1999,Mauv,Monthly
Long's Blackberry,,PT,,,1988,Puce,Yearly
Whitebark Raspberry,Rubus leucodermis Douglas ex Torr. & A. Gray var. trinitatis A. Berger,ID,,,1962,Aquamarine,Never
Algarrobo,,RU,,,1988,Pink,Seldom
Greene's Rockcress,,ID,,,2008,Mauv,Often
Manystem Liveforever,,PE,,,,Violet,Often
White Clover,,PE,sit amet consectetuer adipiscing elit proin interdum mauris non ligula pellentesque ultrices phasellus id sapien in sapien iaculis,,1968,Goldenrod,Monthly
Rock Goldenrod,Petradoria Greene,CN,,,2002,Maroon,Seldom
Japanese Netvein Hollyfern,,CN,,,,Red,Daily
Coral Ipomopsis,Ipomopsis ramosa Al Schneid. & Bregar,PT,,,2004,Fuscia,Seldom
Little Floatingheart,Nymphoides cordata (Elliott) Fernald,CN,,,2007,Teal,Seldom
Sierra Lupine,,PL,,,2004,Turquoise,Never
Shrubby Woodsorrel,Oxalis frutescens L. ssp. angustifolia (Kunth) Lourteig,RS,,,1995,Blue,Weekly
California Manyseed,Polycarpon depressum Nutt.,TG,,,2004,Mauv,Monthly
Valley Saltbush,Atriplex cuneata A. Nelson ssp. cuneata,CN,,,2009,Yellow,Never
Dot Lichen,,AF,,,2004,Teal,Daily
Star Peak Fleabane,Erigeron salishii G.W. Douglas & Packer,CN,,,2008,Yellow,Seldom
Lovell's Violet,,FR,,,2006,Aquamarine,Once
Starflower Pincushions,,TH,,,1994,Khaki,Weekly
Alectryon,Alectryon Gaertn.,BR,,,2004,Pink,Daily
Gentian,,CN,,,2004,Aquamarine,Often
Spreading Snakeroot,,UZ,,,,Maroon,Seldom
Skunktop,Pediomelum mephiticum (S. Watson) Rydb.,KR,,,2005,Violet,Weekly
Hartweg's Wildginger,Asarum hartwegii S. Watson,PH,,,2005,Yellow,Often
Ashen Hoarypea,,KR,,,1995,Violet,Daily
Cottongrass,,CN,,,1993,Orange,Never
Pyrostegia,,DE,,,,Pink,Daily
Syrrhopodon Moss,,PH,etiam pretium iaculis justo in hac habitasse platea dictumst etiam faucibus cursus urna,,2001,Turquoise,Seldom
Colombian Rockcap Fern,,JP,,,1994,Aquamarine,Never
Front Range Milkvetch,,NG,,,2005,Blue,Once
Bryum Moss,Bryum coronatum Schwägr.,PL,,,2012,Red,Monthly
Himalayan Fleabane,,CN,,,1994,Maroon,Yearly
Lyrepod,,CN,,,1995,Puce,Yearly
Bird's-eye Bush,,CN,,,2007,Goldenrod,Daily
Javelina Bush,,KZ,,,2009,Goldenrod,Monthly
Winged Buckwheat,,VN,,,2007,Purple,Monthly
Bristleleaf Pricklyleaf,,CN,,,2013,Pink,Yearly
Pale Madwort,Alyssum alyssoides (L.) L.,ID,,,2008,Purple,Never
American Century Plant,Agave americana L.,CN,,,2005,Indigo,Once
Snow Cinquefoil,,CN,,,1994,Puce,Often
Hairy Signalgrass,,MM,eget orci vehicula condimentum curabitur in libero ut massa volutpat convallis morbi odio odio elementum eu interdum eu tincidunt,,2004,Violet,Yearly
Campsis,,CL,imperdiet sapien urna pretium nisl ut volutpat sapien arcu sed augue aliquam erat volutpat in congue etiam justo etiam,,1998,Green,Monthly
Soft Elephantsfoot,Elephantopus mollis Kunth,ZM,,,,Aquamarine,Once
Hammock Snakeroot,Ageratina jucunda (Greene) Clewell & Wooten,PA,,,1994,Red,Weekly
Valley Lupine,,SD,,,1998,Red,Seldom
Rough Fescue,,KM,,,1997,Indigo,Monthly
Mottled Dutchman's Pipe,Aristolochia labiata Willd.,ID,,,2011,Violet,Seldom
Coast Plantain,Plantago bigelovii A. Gray ssp. bigelovii,PE,,,1993,Yellow,Seldom
Bolander's Madia,,PH,,,2006,Crimson,Seldom
Sleeping Ute Milkvetch,,FR,,,1996,Mauv,Seldom
Talayote,,ZM,,,1990,Yellow,Seldom
Canebrake Sedge,"Carex austrodeflexa P.D. McMillan, Sorrie & van Eerden",NO,,,1993,Goldenrod,Often
Virola,Virola calophylla (Spruce) Warb.,CN,,,,Green,Often
Hairystem Spiderwort,,ID,,,1992,Green,Daily
Barrel Cactus,,MY,,,1971,Puce,Monthly
Janusia,,PH,,,2010,Indigo,Yearly
Dalbergia,,ID,,,2002,Mauv,Seldom
Kaiparowits Milkvetch,,KR,,,1989,Maroon,Once
Woolly Distaff Thistle,,CN,,,,Khaki,Yearly
Waterloving Hawthorn,Crataegus limnophila Sarg.,TN,,,,Pink,Daily
Heartleaf Twistflower,,MX,,,2011,Maroon,Daily
American Mannagrass,,CN,,,2001,Khaki,Monthly
Crested Twinsorus Fern,,CN,,,,Purple,Once
Claybank Beaksedge,Rhynchospora rugosa (Vahl) Gale,SE,,,2009,Teal,Often
Shasta Panicgrass,,US,ut odio cras mi pede malesuada in imperdiet et commodo vulputate justo in blandit ultrices enim,,1961,Maroon,Once
Silver-leaf Ironbark,Eucalyptus melanophloia F. Muell.,VN,,,,Purple,Often
Pihea Woodfern,Dryopteris alboviridis W.H. Wagner,MA,,,,Crimson,Seldom
Shortspur Seablush,Plectritis congesta (Lindl.) DC. ssp. congesta,CN,,,,Indigo,Daily
Nightshade,Solanum khasianum C.B. Clarke,CN,,,2012,Aquamarine,Seldom
'ohe Mauka,Tetraplasandra oahuensis (A. Gray) Harms,CN,,,2007,Yellow,Monthly
Short's Aster,,CN,,,,Indigo,Monthly
Tsuga Szczawinskia Lichen,Szczawinskia tsugae Funk,RU,morbi ut odio cras mi pede malesuada in imperdiet et commodo vulputate justo in,,1996,Indigo,Daily
Largeflowered Fiddleneck,Amsinckia grandiflora (Kleeb. ex A. Gray) Kleeb. ex Greene,CO,,,2013,Mauv,Never
Bay,,AZ,,,,Blue,Often
California Bentgrass,Agrostis densiflora Vasey,CL,,,2010,Blue,Yearly
Columbian Watermeal,Wolffia columbiana Karst.,JP,,,1997,Turquoise,Never
Cape Thompson Draba,Draba chamissonis G. Don,MK,,,2004,Crimson,Seldom
Red Fir Catchfly,,ID,,,1973,Red,Once
Wright's Goldenrod,Solidago wrightii A. Gray,MM,,,1968,Goldenrod,Weekly
Sand Flax,,PH,,,1987,Crimson,Once
Mexican Hedgenettle,Stachys mexicana Benth.,IT,,,1999,Turquoise,Yearly
Cucumberleaf Sunflower,,UA,,,1997,Mauv,Daily
Torralbasia,Torralbasia Krug & Urb.,ID,,,2004,Yellow,Never
Sand Hickory,,CN,,,,Pink,Never
Underwood's Spikemoss,Selaginella underwoodii Hieron.,PH,,,2003,Maroon,Monthly
New Mexico False Yucca,Hesperaloe funifera (Lem.) Trel.,ID,,,,Turquoise,Often
Wulfen's Pore Lichen,,CN,,,1994,Orange,Often
Baneberry,,HR,,,1993,Orange,Monthly
Arctic Sweet Coltsfoot,,ID,,,,Teal,Yearly
Howell's Saxifrage,,CO,metus aenean fermentum donec ut mauris eget massa tempor convallis nulla neque libero convallis eget eleifend luctus ultricies,,2011,Fuscia,Weekly
Melaspilea Lichen,,ID,pellentesque at nulla suspendisse potenti cras in purus eu magna vulputate luctus cum sociis natoque penatibus et magnis dis,,2004,Aquamarine,Seldom
Mustang Monardella,Monardella lanceolata A. Gray var. microcephala A. Gray,CN,,,1993,Turquoise,Monthly
Oracle Oak,,PW,,,1970,Purple,Once
Compressed Entodon Moss,Entodon compressus (Hedw.) Müll. Hal.,ID,,,1995,Fuscia,Weekly
Garden Chervil,Anthriscus cerefolium (L.) Hoffm.,NL,,,2008,Aquamarine,Daily
Ilang-ilang,Cananga odorata (Lam.) Hook. f. & Thomson,RU,,,1986,Crimson,Weekly
Nightblooming Cereus,Peniocereus greggii (Engelm.) Britton & Rose,JP,,,,Khaki,Weekly
Woollyhead Clover,Trifolium eriocephalum Nutt. ssp. arcuatum (Piper) J.M. Gillett,CN,,,1996,Mauv,Never
Grinnell's Beardtongue,Penstemon grinnellii Eastw. ssp. grinnellii,AL,,,2006,Maroon,Seldom
Kauai Wormwood,,ID,,,1997,Pink,Yearly
Knight's Milkvetch,Astragalus knightii Barneby,CN,,,,Purple,Daily
Sharpleaf Penstemon,Penstemon acuminatus Douglas ex Lindl.,PH,,,1999,Purple,Once
Whitetassels,,CN,,,2007,Turquoise,Monthly
Tepary Bean,Phaseolus acutifolius A. Gray var. latifolius Freeman,YT,,,1987,Violet,Seldom
Rhizomnium Moss,,PT,,,2011,Teal,Never
Sweet Pitcherplant,Sarracenia rubra Walter ssp. rubra,ID,dis parturient montes nascetur ridiculus mus etiam vel augue vestibulum rutrum rutrum neque aenean auctor gravida,,,Aquamarine,Monthly
Reed's Bryum Moss,Bryum reedii H. Rob.,CN,,,2002,Khaki,Never
Gray Nicker,,MX,,,1991,Mauv,Weekly
Tarweed,,ID,,,2009,Violet,Once
Cutleaf Vipergrass,Scorzonera laciniata L.,BR,,,1993,Indigo,Yearly
Alternateflower Watermilfoil,,UA,,,1988,Maroon,Often
Leathery Pore Lichen,,TM,,,2006,Pink,Once
Guadalupe Waternymph,,SE,,,2004,Green,Seldom
Spiked Ipomopsis,,BR,,,2008,Fuscia,Often
Bahama Beaksedge,,NA,,,1994,Maroon,Daily
Austrian Pine,,BR,,,,Crimson,Never
Pond-lily,Nuphar Sm.,ET,,,2003,Blue,Monthly
Pore Lichen,Pertusaria valliculata Dibben,CN,,,,Indigo,Seldom
Prairie Flax,,SE,,,2010,Teal,Never
Joewood,Jacquinia keyensis Mez,ID,,,2003,Indigo,Often
Pohlia Moss,,ZA,,,2012,Violet,Yearly
Hoary Skullcap,,BR,,,1986,Fuscia,Monthly
Creeping Meadow Foxtail,,AL,,,1999,Red,Weekly
Isochilus,,RU,,,,Violet,Often
Coleogyne,Coleogyne Torr.,CN,,,2011,Pink,Often
Slender False Pennyroyal,Hedeoma acinoides Scheele,NP,,,1995,Purple,Never
Corzo's Wild Petunia,,CN,,,,Green,Daily
Desert Draba,,CR,,,2004,Turquoise,Seldom
Moss Pygmyweed,Crassula tillaea Lester-Garland,SE,,,1998,Yellow,Often
Rio Grande Butterflybush,,BR,,,1994,Maroon,Daily
Tagua Tagua,,RU,,,2007,Indigo,Once
Chihuahuan Snoutbean,,CN,,,1997,Blue,Once
Kral's Sedge,,RU,,,2004,Maroon,Often
Liddon Sedge,Carex petasata Dewey,BR,,,,Crimson,Seldom
Columbia Gorge Rockcress,,PL,,,1985,Purple,Never
Blue Mountain Beardtongue,Penstemon pennellianus D.D. Keck,PH,,,,Pink,Yearly
Coastal Beaksedge,Rhynchospora pleiantha (Kük.) Gale,ID,cursus vestibulum proin eu mi nulla ac enim in tempor turpis nec euismod scelerisque quam turpis,,2011,Maroon,Daily
Sudetic Lousewort,,CO,,,1990,Indigo,Seldom
Waimakanui,Pteris excelsa Gaudich.,ID,,,1994,Yellow,Weekly
Rydberg's Sunflower,,ID,,,1994,Teal,Weekly
Hooked Pincushionplant,,CZ,,,2005,Crimson,Daily
Cylinderflower Lovegrass,,CN,,,,Indigo,Weekly
False Naked Buckwheat,,MD,,,2001,Turquoise,Once
Blindeyes,,PT,donec dapibus duis at velit eu est congue elementum in hac,,1996,Goldenrod,Monthly
Yosemite Woolly Sunflower,Eriophyllum nubigenum Greene ex A. Gray,SE,,,,Khaki,Weekly
Ionopsidium,Ionopsidium Rchb.,PL,mus etiam vel augue vestibulum rutrum rutrum neque aenean auctor gravida sem praesent id massa id nisl venenatis,,2012,Khaki,Yearly
Mycelis,Mycelis Cass.,ID,,,2001,Turquoise,Daily
Broadsheath Desertparsley,Lomatium vaginatum J.M. Coult. & Rose,RU,,,1989,Red,Monthly
Brickellbush,,MY,metus arcu adipiscing molestie hendrerit at vulputate vitae nisl aenean lectus pellentesque eget nunc donec,,2001,Aquamarine,Seldom
San Bernardino Beardtongue,,ID,,,2009,Indigo,Daily
Snow Lichen,,PS,,,2008,Yellow,Often
Hierba Del Soldado,,TJ,,,1985,Khaki,Never
California Dwarf-flax,Hesperolinon californicum (Benth.) Small,CO,,,2011,Aquamarine,Yearly
Pepperweed,,ID,,,1996,Violet,Often
Tahitian Spinach,Xanthosoma brasiliense (Desf.) Engl.,CI,,,2006,Puce,Monthly
Lespedeza,,JP,,,,Purple,Never
Boesenbergia,,SE,,,,Yellow,Daily
Smallseed Paspalum,,US,,,,Crimson,Never
Drummond's Leaf-flower,,HR,,,2013,Maroon,Monthly
Puerto Rico Jointvetch,,ID,,,,Maroon,Weekly
Bering's Pohlia Moss,,LB,,,1993,Yellow,Often
Bear Valley Milkvetch,Astragalus leucolobus S. Watson ex M.E. Jones,US,,,,Teal,Daily
California Goosefoot,,ID,,,,Mauv,Often
Sierra Stonecrop,Sedum obtusatum A. Gray,CN,,,2012,Indigo,Often
Globe Dot Lichen,Micarea globulosella (Nyl.) Coppins,US,,,2004,Maroon,Monthly
Hau Kuahiwi,,PS,,,2007,Mauv,Yearly
Grand Devil's-claws,Pisonia grandis R. Br.,FR,,,1997,Green,Yearly
Dwarf False Indigo,Amorpha nana Nutt.,BD,,,2011,Goldenrod,Never
Glenwood Milkvetch,,RU,,,2006,Purple,Daily
Valley Popcornflower,Plagiobothrys canescens Benth.,PH,,,2003,Maroon,Never
Pygmy Aster,,CN,,,2000,Indigo,Daily
Langsdorf's Lousewort,,ZA,,,2011,Puce,Seldom
Siberian Yarrow,Achillea sibirica Ledeb.,MN,,,1995,Mauv,Yearly
Lyall's Milkvetch,,ID,,,1999,Turquoise,Never
Pricklypear,Opuntia ×demissa Griffiths (pro sp.),CN,,,2011,Fuscia,Weekly
Hybrid Oak,,CN,,,2011,Crimson,Once
Sherring's Dwarf Polypody,,TT,,,1994,Orange,Often
Lecidea Lichen,,YT,,,2010,Mauv,Often
San Luis Obispo Spineflower,Chorizanthe breweri S. Watson,TD,,,1996,Mauv,Never
Scorpion Senna,,TH,,,1997,Turquoise,Weekly
Coast Range False Bindweed,,ID,,,1986,Crimson,Often
Jarrah,Eucalyptus marginata Donn ex Sm.,ID,,,,Blue,Daily
Largeleaf Jointweed,,BY,,,2002,Orange,Once
Guadalupe Cryptantha,,EG,,,1992,Violet,Seldom
Silverhair Pineapplegrass,,ZA,sagittis nam congue risus semper porta volutpat quam pede lobortis ligula sit amet eleifend pede libero,,1998,Red,Weekly
Bolander's Bluegrass,Poa bolanderi Vasey,ID,,,,Indigo,Often
Stansell's Fleabane,Erigeron stanselliae K.L. Chambers,PT,,,2008,Indigo,Seldom
Dicranum Moss,,CN,,,2011,Yellow,Daily
Golden False Beardgrass,Chrysopogon aciculatus (Retz.) Trin.,PL,,,2011,Pink,Monthly
Burhead,,GR,,,1992,Teal,Monthly
Elliott's Gentian,Gentiana catesbaei Walter,CN,,,2002,Pink,Often
Parlor Palm,,RU,,,2006,Mauv,Often
San Gabriel Bluecup,Githopsis diffusa A. Gray ssp. filicaulis (Ewan) Morin,CN,,,1992,Puce,Weekly
Questionable Rush,,JP,,,2010,Indigo,Seldom
Huntsville Vasevine,Clematis morefieldii Kral,MN,,,1994,Teal,Daily
Mago,,CN,,,,Orange,Monthly
Woolly Globemallow,Sphaeralcea lindheimeri A. Gray,CO,,,1995,Mauv,Seldom
Sheoak,Casuarina Rumph. ex L.,NG,,,,Teal,Weekly
Leechleaf Blazingstar,,AM,,,1993,Green,Daily
Shrimpplant,Justicia brandegeeana Wassh. & L.B. Sm.,PH,,,2008,Pink,Seldom
Slender Creeping-oxeye,,MH,,,,Puce,Never
Ribbonleaf Pondweed,Potamogeton epihydrus Raf.,PL,,,2004,Blue,Monthly
Snailwood,Conostegia D. Don,RU,,,1993,Pink,Daily
Lecidea Lichen,Lecidea umbonata (Hepp) Mudd,TR,,,2002,Green,Never
Nehe,,ID,,,2009,Mauv,Yearly
Leather Flower,,FR,,,1999,Aquamarine,Weekly
Scarlet Runner,,MX,,,,Orange,Monthly
Ceylon Hound's Tongue,Cynoglossum furcatum Wall. ex Roxb.,CN,,,,Mauv,Yearly
Fivestamen Miterwort,,CN,,,1981,Mauv,Weekly
Great Basin Brome,,ID,sapien in sapien iaculis congue vivamus metus arcu adipiscing molestie hendrerit at vulputate vitae nisl,,1987,Khaki,Seldom
Mexican Wrightwort,,CA,erat fermentum justo nec condimentum neque sapien placerat ante nulla justo aliquam quis turpis eget elit sodales,,2011,Crimson,Monthly
Slough Sedge,Carex obnupta L.H. Bailey,ID,,,1998,Purple,Never
Dudleya,,CN,,,,Teal,Seldom
Weber's Saw-wort,,ID,,,,Yellow,Yearly
Slender Meadow Foxtail,Alopecurus myosuroides Huds.,CN,,,,Maroon,Yearly
Obtuseleaf Fissidens Moss,,PE,,,2003,Goldenrod,Weekly
Mahogany Fawnlily,Erythronium revolutum Sm.,CN,,,1996,Pink,Monthly
Northern Rockcress,,UA,,,,Green,Once
Catolechia Lichen,,ID,,,1994,Fuscia,Never
Light Yellow Lupine,,SE,,,2012,Aquamarine,Never
Palisota,"Palisota Rchb. ex Endl., nom. cons.",CO,,,2009,Teal,Daily
Jones' Selenia,,HU,,,2004,Red,Once
Prairie Wedgescale,Sphenopholis obtusata (Michx.) Scribn.,PL,,,1990,Orange,Daily
Protoparmelia Lichen,,ZA,,,2009,Red,Seldom
Pylaisiadelpha Moss,Pylaisiadelpha Cardot,CN,,,2006,Yellow,Once
Seaside Sandplant,Honckenya peploides (L.) Ehrh.,ID,,,,Fuscia,Monthly
Premna,,BF,,,2001,Puce,Yearly
Lesser Yam,Dioscorea esculenta (Lour.) Burkill,MM,purus aliquet at feugiat non pretium quis lectus suspendisse potenti in eleifend quam a odio in hac,,2006,Indigo,Never
Watson's Goldenbush,,MV,,,2011,Violet,Weekly
Blackfoot Sandmat,Chamaesyce angusta (Engelm.) Small,FR,,,,Mauv,Yearly
Tennessee Milkvetch,,ID,,,2010,Puce,Once
Greenwood's Goldenbush,Ericameria lignumviridis (S.L. Welsh) G.L. Nesom,CN,,,1999,Green,Seldom
Eastwood's Manzanita,Arctostaphylos glandulosa Eastw.,BR,,,1999,Indigo,Once
Purple Meadowparsnip,,ID,,,1998,Aquamarine,Monthly
Cattail Sedge,,BR,,,1998,Teal,Monthly
Hall's Bush Lupine,Lupinus excubitus M.E. Jones var. hallii (Abrams) C.P. Sm.,BY,,,2009,Crimson,Never
Hybrid Oak,,NG,,,2009,Indigo,Yearly
Waianae Range Starviolet,Hedyotis degeneri Fosberg var. degeneri,PK,,,,Aquamarine,Weekly
Mango,,FR,,,1991,Maroon,Never
Graceful Buttercup,Ranunculus inamoenus Greene var. inamoenus,CN,nam dui proin leo odio porttitor id consequat in consequat,,2008,Blue,Weekly
Bristlystalked Sedge,,CN,,,,Goldenrod,Never
Manyspore Melanelia Lichen,Melanelia multispora (A. Schneid.) Essl.,MM,,,2001,Goldenrod,Daily
Canyon Liveforever,Dudleya cymosa (Lem.) Britton & Rose ssp. pumila K.M. Nakai,UA,tincidunt in leo maecenas pulvinar lobortis est phasellus sit amet erat nulla tempus vivamus in felis eu sapien cursus vestibulum,,1999,Crimson,Weekly
Beaked Spiny Polygala,,CN,,,1995,Yellow,Seldom
Deercabbage,,CN,,,2005,Mauv,Daily
Stiffstem Saxifrage,,RU,,,,Khaki,Weekly
Yellowwood,,PH,,,2004,Fuscia,Seldom
Nakedstem Dewflower,,CN,,,,Turquoise,Seldom
Wreath Lichen,,JP,,,,Green,Yearly
Pickerelweed,,PT,,,1999,Pink,Monthly
Smooth Goldfields,Lasthenia glaberrima DC.,HT,,,1995,Green,Often
Goebel's Bulbothrix Lichen,Bulbothrix goebelii (Zenker) Hale,CN,condimentum neque sapien placerat ante nulla justo aliquam quis turpis eget elit sodales,,2006,Crimson,Weekly
Crab Apple,Malus ×arnoldiana (Rehder) Sarg. ex Rehder,CN,,,2010,Turquoise,Monthly
Pitcher Sage,Salvia azurea Michx. ex Lam. var. grandiflora Benth.,BR,,,,Blue,Never
Ball's Willow,,KR,,,1990,Violet,Weekly
Bering Chickweed,,BA,diam in magna bibendum imperdiet nullam orci pede venenatis non sodales sed tincidunt eu felis fusce posuere felis,,1998,Mauv,Often
Grand Junction Camissonia,Camissonia eastwoodiae (Munz) P.H. Raven,CO,facilisi cras non velit nec nisi vulputate nonummy maecenas tincidunt lacus at velit vivamus vel nulla eget eros,,1995,Turquoise,Never
Yellow Buckeye,Aesculus flava Aiton,CN,,,2010,Turquoise,Daily
Savanna Blazing Star,,UA,augue quam sollicitudin vitae consectetuer eget rutrum at lorem integer,,,Maroon,Once
Spleenwort,,RU,,,2010,Puce,Weekly
Epilichen Lichen,,CN,,,,Turquoise,Yearly
Talus Willowherb,Epilobium clavatum Trel.,BR,,,2001,Indigo,Once
Tetraclinis,Tetraclinis Masters,PH,,,1987,Green,Monthly
Pyramid Magnolia,Magnolia pyramidata W. Bartram,ID,,,1967,Yellow,Weekly
Sorrel,,PK,,,2007,Goldenrod,Yearly
Scribble Lichen,Opegrapha filicina Mont.,MA,,,2002,Purple,Often
Blueeyed Grass,Sisyrinchium implicatum E.P. Bicknell,ID,,,2005,Mauv,Never
Autumn Olive,Elaeagnus umbellata Thunb.,ID,,,2008,Khaki,Daily
Scribner's Hawkweed,Hieracium scribneri Small,SI,,,2009,Teal,Weekly
Adder's-mouth Orchid,Malaxis monophyllos (L.) Sw.,CN,,,2011,Indigo,Seldom
Gray's Bedstraw,Galium grayanum Ehrend. var. nanum Dempster & Ehrend.,CN,,,1990,Aquamarine,Often
Broadtooth Hedgenettle,Stachys latidens Small ex Britton,PH,,,2011,Red,Never
Sorrie's Heartleaf,,RU,,,1991,Aquamarine,Often
Phaeographis,,CZ,,,2007,Red,Weekly
Cup Lichen,,TZ,,,1996,Goldenrod,Once
Florida Pinkroot,Spigelia loganioides (Torr. & A. Gray ex Endl. & Fenzl) A. DC.,CN,,,2012,Indigo,Often
Roundleaf Alumroot,,US,,,2002,Maroon,Never
Tapered Cudweed,,BY,,,2010,Violet,Daily
Proctor's Zephyrlily,,PH,,,2001,Green,Daily
Horsehair Lichen,,CO,,,2012,Orange,Daily
White Ramoon,,US,,,2012,Crimson,Daily
Porter's Licorice-root,,RU,,,1995,Indigo,Yearly
Hawkweed,,GT,,,2009,Indigo,Daily
Anoectangium Moss,,BR,felis sed lacus morbi sem mauris laoreet ut rhoncus aliquet pulvinar sed nisl nunc rhoncus,,2006,Violet,Yearly
Fragile Leaf Dicranum Moss,,SY,,,,Pink,Once
Shining Willow,,CN,montes nascetur ridiculus mus vivamus vestibulum sagittis sapien cum sociis natoque penatibus et magnis dis parturient montes,,1995,Goldenrod,Never
Groutiella Moss,,UA,,,,Teal,Monthly
Sandparsley,,PE,,,,Pink,Often
Egyptian Panicgrass,Paspalidium geminatum (Forssk.) Stapf var. paludivagum (Hitchc. & Chase) Gould,CN,,,1960,Crimson,Seldom
'ohi'a Lehua,,ZA,,,2011,Teal,Monthly
Idaho Goldthread,Coptis occidentalis (Nutt.) Torr. & A. Gray,BD,,,,Yellow,Often
White Arrowleaf Aster,Symphyotrichum urophyllum (Lindl.) G.L. Nesom,IL,,,2012,Fuscia,Weekly
Rim Lichen,,RU,,,1991,Aquamarine,Weekly
Largeflower Wild Coffee,,UA,,,2000,Indigo,Daily
Biennial Wormwood,,CN,,,2000,Violet,Yearly
Warnock's Fishhook Cactus,,CN,nec euismod scelerisque quam turpis adipiscing lorem vitae mattis nibh ligula nec sem duis aliquam convallis,,2008,Yellow,Often
Valamuerto,Senna pendula (Humb. & Bonpl. ex Willd.) Irwin & Barneby var. advena (Vogel) Irwin & Barneby,CA,,,2006,Indigo,Monthly
Desert Wheatgrass,Agropyron desertorum (Fisch. ex Link) Schult.,AO,,,1992,Red,Seldom
Arizona Calcareous Moss,Mnium arizonicum Amann,ID,,,2008,Mauv,Weekly
Rimmed Lichen,,CN,,,2009,Purple,Yearly
Chaenothecopsis Lichen,,ME,,,,Yellow,Yearly
Arizona Rabbitbrush,,IR,ut nunc vestibulum ante ipsum primis in faucibus orci luctus et ultrices,,2008,Turquoise,Weekly
Fissidens Moss,,CN,,,2006,Puce,Often
Douglas' Meadowfoam,,PH,,,,Pink,Weekly
White Snakeroot,Ageratina altissima (L.) R.M. King & H. Rob. var. altissima,PT,,,,Aquamarine,Once
Rogue River Milkvetch,,CN,,,2008,Fuscia,Weekly
Kern Plateau Horkelia,,UA,,,2006,Red,Often
Emery County Bedstraw,Galium emeryense Dempster & Ehrend. ssp. protoscabriusculum (Dempster & Ehrend.) Dempster & Ehrend.,ID,,,2005,Fuscia,Weekly
Sonoran Bean,,CN,,,1988,Aquamarine,Once
Alpine Bedstraw,Galium hypotrichium A. Gray ssp. tomentellum Ehrend.,PH,,,2007,Green,Yearly
Shrubland Nehe,Lipochaeta lobata (Gaudich.) DC. var. leptophylla O. Deg. & Sherff,CN,,,,Purple,Daily
Suncup,Camissonia Link,CN,,,,Puce,Yearly
Foxglove,,PH,,,1999,Maroon,Monthly
Carolina Bugbane,Trautvetteria caroliniensis (Walter) Vail var. caroliniensis,CN,eu nibh quisque id justo sit amet sapien dignissim vestibulum vestibulum,,,Orange,Often
Spike Lichen,Calicium adspersum Pers.,ID,,,,Pink,Never
Golden Blue-eyed Grass,,RU,,,2008,Fuscia,Seldom
Southern Bluethread,Burmannia capitata (J.F. Gmel.) Mart.,BD,,,2003,Orange,Never
Western Bog Aster,Symphyotrichum spathulatum (Lindl.) G.L. Nesom var. yosemitanum (A. Gray) G.L. Nesom,AR,,,2002,Violet,Once
Large Buttercup,Ranunculus macranthus Scheele,NL,,,,Puce,Never
Southern Globethistle,Echinops ritro L.,ID,,,2001,Khaki,Seldom
Sticky Dicranella Moss,,ID,,,1998,Teal,Monthly
Hooker's Sedge,,SE,,,1994,Mauv,Once
Syrian Juniper,Juniperus drupacea Labill.,MY,,,1992,Green,Daily
Seaside Bittercress,Cardamine angulata Hook.,CN,,,2011,Maroon,Weekly
Porter's Fringed Sedge,,AL,,,1995,Turquoise,Once
Spreading Pygmyleaf,Loeflingia squarrosa Nutt. ssp. artemisiarum Barneby & Twisselmann,AR,,,2000,Mauv,Yearly
Pale Agoseris,Agoseris glauca (Pursh) Raf.,CN,quisque id justo sit amet sapien dignissim vestibulum vestibulum ante ipsum primis in faucibus orci luctus et ultrices,,1988,Pink,Never
Island Glorybush,Trembleya phlogiformis DC. var. parvifolia Cogn.,BR,,,2001,Violet,Never
Ethiopian Rattlebox,,ID,,,,Violet,Monthly
Island Puzzle,Aerva sericea Moq.,CN,,,2010,Khaki,Yearly
Mexican Blazing Star,Liatris punctata Hook. var. mexicana Gaiser,PL,,,2003,Fuscia,Weekly
Solitary Milkvetch,,ID,,,1996,Goldenrod,Yearly
Pineland Spurge,,ID,,,,Blue,Yearly
Alpine Spicywintergreen,Gaultheria humifusa (Graham) Rydb.,PH,,,,Goldenrod,Once
Milletgrass,Milium L.,BJ,,,2012,Purple,Daily
Rough Avens,,PH,,,2001,Turquoise,Daily
Fragile Oat,,NG,,,2005,Purple,Often
Tahitian Spinach,Xanthosoma brasiliense (Desf.) Engl.,CN,,,2002,Orange,Monthly
Cordilleran Sedge,Carex cordillerana Saarela & B.A. Ford,CN,,,2007,Turquoise,Weekly
Common Sneezeweed,,CN,,,2011,Maroon,Often
Port Huron Hawthorn,,PH,,,1999,Aquamarine,Seldom
Seaside Barley,Hordeum marinum Huds. ssp. marinum,NO,,,2001,Indigo,Never
Cusick's Lupine,Lupinus cusickii S. Watson,ID,,,1994,Turquoise,Seldom
Maui Wormwood,Artemisia mauiensis (A. Gray) Skottsb.,MA,,,1998,Fuscia,Often
Jaguey Blanco,Ficus trigonata L.,FR,,,2007,Blue,Seldom
Campylium Moss,,UA,,,1992,Green,Seldom
Puna Cyanea,Cyanea platyphylla (A. Gray) Hillebr.,PH,,,1986,Aquamarine,Weekly
Brownhead Rush,,TZ,,,1990,Khaki,Yearly
Thelignya Lichen,Thelignya lignyota (Wahlenb.) P.M. Jørg. & Henssen,IQ,,,2013,Violet,Weekly
Melaspilea Lichen,,ID,,,,Blue,Daily
Siam Benzoin,,PH,,,2004,Orange,Never
Sticky Snakeroot,Ageratina adenophora (Spreng.) R.M. King & H. Rob.,ID,tempus vivamus in felis eu sapien cursus vestibulum proin eu mi nulla ac enim in tempor,,2003,Green,Once
Balm,Melissa L.,CN,,,1988,Khaki,Daily
Simpson's Rosinweed,,PE,,,,Yellow,Once
Big Tripogon,,JP,,,2005,Red,Once
Bristle Bent,Agrostis curtisii Kerguelen,ZW,,,,Maroon,Seldom
Coral Dropseed,,CN,,,2007,Crimson,Once
Seely's Catchfly,Silene seelyi Morton & J.W. Thomp.,VN,,,1977,Turquoise,Seldom
Gum Ghatti,,CN,,,1993,Teal,Daily
Mountain Xanthoparmelia Lichen,,US,penatibus et magnis dis parturient montes nascetur ridiculus mus vivamus vestibulum sagittis sapien cum sociis natoque penatibus et magnis,,1994,Crimson,Daily
Crater Lichen,,PL,,,2003,Green,Monthly
Nettleleaf Goosefoot,,RS,,,1999,Green,Often
Limestone Bedstraw,,BR,,,1992,Khaki,Never
Betonyleaf Thoroughwort,Conoclinium betonicifolium (Mill.) R.M. King & H. Rob.,CN,praesent blandit nam nulla integer pede justo lacinia eget tincidunt eget tempus vel pede,,1997,Crimson,Often
Cartilage Lichen,,RU,,,1988,Pink,Never
Nippon Daisy,Nipponanthemum (Kitam.) Kitam.,MA,magnis dis parturient montes nascetur ridiculus mus etiam vel augue vestibulum rutrum rutrum neque,,2002,Maroon,Once
Blueeyed Grass,,CN,felis donec semper sapien a libero nam dui proin leo odio porttitor,,1994,Puce,Seldom
Mexican Homomallium Moss,,NL,,,2001,Crimson,Monthly
'oha Wai Nui,Clermontia arborescens (H. Mann) Hillebr.,ID,,,1995,Orange,Often
California False Hellebore,Veratrum californicum Durand var. californicum,CN,,,1994,Maroon,Yearly
Wild Dilly,Manilkara jaimiqui (C. Wright) Dubard ssp. emarginata (L.) Cronquist,CN,,,1986,Turquoise,Monthly
Red Horse-chestnut,,ID,,,2000,Orange,Yearly
Magalospora Lichen,Megalospora porphyritis (Tuck.) R.C. Harris,PH,,,1984,Puce,Yearly
Eureka Dunes Evening Primrose,,TH,,,2001,Goldenrod,Never
Fishscale Lichen,Psora icterica (Mont.) Müll. Arg.,VE,,,1997,Red,Yearly
Keck's Checkerbloom,Sidalcea keckii Wiggins,PH,,,1984,Crimson,Daily
Melanelia Lichen,Melanelia subelegantula (Essl.) Essl.,RU,,,,Green,Often
Ahles' Mock Bishopweed,,SE,,,,Aquamarine,Once
Sawgrass,,RU,,,2011,Turquoise,Never
Hairy St. Johnswort,,MX,eget tempus vel pede morbi porttitor lorem id ligula suspendisse ornare consequat lectus in est risus auctor,,1996,Goldenrod,Often
Shrubby Pencilflower,Stylosanthes fruticosa (Retz.) Alston,CN,hac habitasse platea dictumst maecenas ut massa quis augue luctus tincidunt,,1993,Khaki,Weekly
San Francisco Bluegrass,Poa unilateralis Scribn. ssp. unilateralis,GT,,,2001,Turquoise,Never
Willow Dock,,CO,,,2002,Pink,Often
Weeping Grass,Microlaena R. Br.,CN,,,2003,Turquoise,Never
Chase's Threeawn,Aristida chaseae Hitchc.,RU,,,2006,Turquoise,Never
Corchorus,Corchorus L.,SE,,,1988,Yellow,Often
Ophiopogon,Ophiopogon Ker Gawl.,FR,,,2003,Crimson,Monthly
Curly Pondweed,,BA,elit ac nulla sed vel enim sit amet nunc viverra dapibus nulla suscipit ligula in lacus,,2011,Teal,Often
Dewey Sedge,,SE,,,2008,Fuscia,Often
Georgia Oak,Quercus georgiana M.A. Curtis,BR,,,2000,Fuscia,Yearly
Treecotton,,CN,donec ut dolor morbi vel lectus in quam fringilla rhoncus mauris enim leo,,,Indigo,Often
Canada Eggyolk Lichen,Candelariella canadensis H. Magn.,ID,,,2000,Blue,Seldom
Ditch Stonecrop,Penthorum sedoides L.,CO,,,1980,Purple,Weekly
Grimmia Dry Rock Moss,,CN,,,1997,Khaki,Once
Tree Brake,Pteris arborea L.,CN,,,2006,Khaki,Seldom
West Indian Woodsorrel,,ID,,,1997,Pink,Once
Bridgotree,Chionanthus compactus Sw.,SE,amet nunc viverra dapibus nulla suscipit ligula in lacus curabitur at ipsum ac tellus semper interdum mauris,,,Blue,Often
Mexican Groundcherry,,PH,,,2004,Crimson,Monthly
Kauai Sandmat,Chamaesyce halemanui (Sherff) Croizat & O. Deg.,CO,,,1993,Purple,Weekly
Hanapepe River Colicwood,,RU,,,2000,Yellow,Monthly
Mosla,,BR,,,2011,Goldenrod,Never
Wart Lichen,,VN,quis odio consequat varius integer ac leo pellentesque ultrices mattis odio donec vitae nisi nam ultrices libero non mattis,,2010,Goldenrod,Once
Howell's Onion,Allium howellii Eastw.,CA,,,2004,Crimson,Seldom
Twinberry,Myrcianthes fragrans (Sw.) McVaugh,PT,,,2004,Goldenrod,Daily
Sagebrush Stickseed,Hackelia diffusa (Lehm.) I.M. Johnst. var. arida (Piper) R.L. Carr,ID,,,,Orange,Often
Lanceleaf Rose Gentian,,MA,,,2003,Puce,Monthly
Keck's Phacelia,Phacelia suaveolens Greene ssp. keckii (Munz & I.M. Johnst.) Thorne,CN,,,,Blue,Once
Brandegee's Fumewort,,BR,,,1998,Violet,Monthly
Harvey's Buttercup,,ID,iaculis justo in hac habitasse platea dictumst etiam faucibus cursus urna,,,Yellow,Monthly
Yellow Gilia,,ID,,,1997,Orange,Daily
Sawtooth Goldenbush,Hazardia squarrosa (Hook. & Arn.) Greene var. squarrosa,IT,,,1987,Purple,Monthly
Brake Fern,,RU,,,2001,Aquamarine,Seldom
Largepod Pinweed,Lechea intermedia Leggett ex Britton var. laurentiana Hodgdon,PL,,,1999,Teal,Monthly
Drepanocladus Moss,Drepanocladus simplicissimus Warnst.,NO,,,2000,Violet,Once
Cowbag Clover,Trifolium depauperatum Desv.,US,,,1997,Green,Daily
Ocellularia Lichen,,RU,,,,Maroon,Never
Small Palafox,,CN,,,1993,Orange,Daily
Plum Pine,Podocarpus L'Hér. ex Pers.,CL,,,2012,Puce,Yearly
Green And Gold,Chrysogonum virginianum L. var. virginianum,FM,,,,Indigo,Monthly
Closed Bottle Gentian,,PH,,,2003,Purple,Once
Narrowleaf Four O'clock,,GR,,,2011,Khaki,Never
Moscow Salsify,Tragopogon miscellus Ownbey,NL,,,,Mauv,Never
Slender Rosinweed,Silphium gracile A. Gray,AF,,,1996,Maroon,Seldom
Deodar Cedar,,CN,,,,Blue,Weekly
Keever's Orthotrichum Moss,Orthotrichum keeverae H.A. Crum & L.E. Anderson,MK,,,1980,Red,Seldom
Azotacaballo,Malpighia coccigera L.,MA,at turpis donec posuere metus vitae ipsum aliquam non mauris morbi non lectus aliquam sit amet diam in magna bibendum,,2004,Yellow,Daily
Peck's Beardtongue,Penstemon peckii Pennell,DE,,,2012,Purple,Seldom
Elliott's Gentian,Gentiana catesbaei Walter,CN,odio curabitur convallis duis consequat dui nec nisi volutpat eleifend donec ut dolor morbi vel lectus in,,,Purple,Weekly
White Spruce,,MY,,,1995,Purple,Often
Arizona Wrightwort,Carlowrightia arizonica A. Gray,BA,neque duis bibendum morbi non quam nec dui luctus rutrum nulla tellus in sagittis dui vel nisl duis,,1992,Red,Monthly
Nuttall's Linanthus,Leptosiphon nuttallii (A. Gray) J.M. Porter & L.A. Johnson,ID,,,2012,Pink,Yearly
Tapertip Hawksbeard,Crepis acuminata Nutt. ssp. pluriflora Babc. & Stebbins,ES,,,2005,Maroon,Weekly
Barbula Moss,Barbula Hedw.,CA,consequat dui nec nisi volutpat eleifend donec ut dolor morbi vel lectus in quam fringilla rhoncus mauris enim leo rhoncus,,2008,Pink,Yearly
Desert Poa,Poa maniototo Petrie,RU,,,1993,Goldenrod,Monthly
Silver Mock Orange,,CN,,,2001,Pink,Weekly
Landolphia,Landolphia P. Beauv.,US,,,2004,Violet,Once
Rochefortia,Rochefortia Sw.,CN,eu mi nulla ac enim in tempor turpis nec euismod scelerisque quam turpis adipiscing lorem,,,Puce,Seldom
Waianae Range Papala,,CN,,,,Yellow,Weekly
Elegant Cinquefoil,Potentilla concinna Richardson var. proxima (Rydb.) S.L. Welsh & B.C. Johnst.,BR,,,1993,Blue,Daily
Pinkava's Pricklypear,Opuntia pinkavae Parfitt,PH,phasellus id sapien in sapien iaculis congue vivamus metus arcu,,1993,Turquoise,Once
Congdon's Tarweed,,JP,,,1992,Fuscia,Never
Sweet Four O'clock,Mirabilis longiflora L. var. wrightiana (A. Gray ex Britton & Kearney) Kearney & Peebles,AW,,,1992,Pink,Yearly
Thelopsis Lichen,,CN,,,1992,Orange,Often
Hedge False Bindweed,Calystegia sepium (L.) R. Br.,ID,,,2005,Khaki,Seldom
Jointed Spikesedge,,PT,,,1984,Purple,Monthly
Everglade Key Sandmat,Chamaesyce conferta Small,PH,varius ut blandit non interdum in ante vestibulum ante ipsum primis in faucibus orci,,,Maroon,Weekly
Matasano,,PT,,,2008,Teal,Weekly
Deckert's Pinweed,Lechea deckertii Small,SE,,,1994,Puce,Yearly
Harrisella,,MX,,,2008,Green,Yearly
American Milkvetch,,PL,,,1998,Aquamarine,Never
Harpullia,,JP,,,1993,Khaki,Once
Bright Green Dudleya,,CN,,,2011,Puce,Weekly
Guepin's Desmatodon Moss,Desmatodon guepinii Bruch & Schimp.,CN,,,2008,Fuscia,Often
Prairie Goldenrod,Oligoneuron album (Nutt.) G.L. Nesom,PL,,,2008,Red,Often
Green And Gold,Chrysogonum virginianum L.,JM,,,2011,Yellow,Once
Louisiana Cupgrass,Eriochloa punctata (L.) Desv. ex Ham.,CN,,,,Teal,Seldom
Bavarian Timmia Moss,Timmia megapolitana Hedw. var. bavarica (Hessl.) Brid.,ID,,,,Green,Never
Pale Serviceberry,Amelanchier pallida Greene,KE,,,2010,Indigo,Never
Barrens Silky Aster,Symphyotrichum pratense (Raf.) G.L. Nesom,ID,,,2000,Green,Seldom
James' Sedge,Carex jamesii Schwein.,BR,,,1985,Pink,Never
Scarlet Globemallow,,RU,,,1996,Teal,Weekly
Little Parish's Needlegrass,,CN,,,,Mauv,Daily
Stinking Goosefoot,,PT,,,1996,Indigo,Monthly
Sickletop Lousewort,Pedicularis racemosa Douglas ex Benth. ssp. racemosa,CN,,,,Green,Daily
Pseudocrossidium Moss,Pseudocrossidium R.S. Williams,PT,,,2003,Aquamarine,Daily
Rocky Mountain Jacob's-ladder,Polemonium confertum A. Gray,BR,,,2011,Turquoise,Often
Sporopodium Lichen,,HR,,,2010,Fuscia,Seldom
Monk Orchid,Oeceoclades Lindl.,PH,,,2007,Puce,Often
Star Gilia,,PL,,,1994,Fuscia,Yearly
Mock Bishopweed,,FR,,,2006,Purple,Yearly
Mono Buckwheat,Eriogonum ampullaceum J.T. Howell,IQ,sit amet nunc viverra dapibus nulla suscipit ligula in lacus curabitur at ipsum ac tellus,,1990,Red,Monthly
Green Carpetweed,,GB,,,,Orange,Weekly
Illinois Bundleflower,,PT,,,1995,Blue,Monthly
Pale Fleabane,Erigeron pallens Cronquist,PL,,,1994,Maroon,Yearly
Hybrid Oak,Quercus ×robbinsii Trel.,US,,,1993,Aquamarine,Often
Fabronia Moss,Fabronia ciliaris (Brid.) Brid. var. ciliaris,CN,,,2004,Teal,Once
Garland-lily,,SE,,,2002,Yellow,Seldom
Sierra Valley Mousetail,Ivesia aperta (J.T. Howell) Munz,ID,,,2003,Crimson,Once
Evergreen Quillwort,,CN,,,2001,Pink,Once
